testmonth,market,project,projectname,mva,r,latitude,longitude,time
May-13,KENYA,748,KPLC,23,1,-0.023559,37.906193,2013 - 05
May-13,KENYA,749,KPLC,23,1,-0.023559,37.906193,2013 - 05
May-13,NEW ZEALAND,824,Orion,23,1,-40.900557,174.885971,2013 - 05
May-13,SINGAPORE,846,BMCC Stage 2,25,1,1.352083,103.819836,2013 - 05
May-13,SINGAPORE,847,BMCC Stage 2,39,1,1.352083,103.819836,2013 - 05
May-13,NEW ZEALAND,848,Ok Tedi Minning,55,2,-40.900557,174.885971,2013 - 05
May-13,NEW ZEALAND,849,Ok Tedi Minning,55,2,-40.900557,174.885971,2013 - 05
May-13,NEW ZEALAND,850,Ok Tedi Minning,75,3,-40.900557,174.885971,2013 - 05
May-13,NEW ZEALAND,851,Ok Tedi Minning,75,3,-40.900557,174.885971,2013 - 05
May-13,PHILIPPINES,862,Apex Mining,5,1,12.879721,121.774017,2013 - 05
May-13,PHILIPPINES,863,Apex Mining,5,1,12.879721,121.774017,2013 - 05
Jun-13,KENYA,750,KPLC,23,1,-0.023559,37.906193,2013 - 06
Jun-13,KENYA,751,KPLC,23,1,-0.023559,37.906193,2013 - 06
Jun-13,NEW ZEALAND,831,Horizon Energy,16,1,-40.900557,174.885971,2013 - 06
Jun-13,PHILIPPINES,865,Blue chip Builder,12.5,1,12.879721,121.774017,2013 - 06
Jun-13,MALAYSIA,866,SCG INDUSTRIES,13,1,4.210484,101.975766,2013 - 06
Jun-13,MALAYSIA,867,SCG INDUSTRIES,13,1,4.210484,101.975766,2013 - 06
Jun-13,SINGAPORE,868,Timor Leste Expsnsion project ,10,1,1.352083,103.819836,2013 - 06
Jun-13,SINGAPORE,869,Timor Leste Expsnsion project ,20,1,1.352083,103.819836,2013 - 06
Jun-13,SINGAPORE,870,Timor Leste Expsnsion project ,32,1,1.352083,103.819836,2013 - 06
Jun-13,AUSTRALIA,871,Wickham Zone3/ABB PS,12.5,1,-25.274398,133.775136,2013 - 06
Jun-13,TAIWAN,872,USI corporation Kaoshiung plant,18.75,1,23.69781,120.960515,2013 - 06
Jun-13,PHILIPPINES,877,Nestle Project,20,1,12.879721,121.774017,2013 - 06
Jun-13,South Africa,878,Mopani Repeat,30,1,-30.559482,22.937506,2013 - 06
Jun-13,PHILIPPINES,882,Meter King,6.25,1,12.879721,121.774017,2013 - 06
Jun-13,PHILIPPINES,887,Meter King,12.5,1,12.879721,121.774017,2013 - 06
Jun-13,PHILIPPINES,888,Meter King,12.5,1,12.879721,121.774017,2013 - 06
Jun-13,PHILIPPINES,889,Meter King,12.5,1,12.879721,121.774017,2013 - 06
Jun-13,PHILIPPINES,890,Meter King,12.5,1,12.879721,121.774017,2013 - 06
Jul-13,TAIWAN,873,USI corporation Kaoshiung plant,18.75,1,23.69781,120.960515,2013 - 07
Jul-13,AUSTRALIA,879,Endeavour Energy Oran Park,45,2,-25.274398,133.775136,2013 - 07
Jul-13,AUSTRALIA,880,Endeavour Energy Oran Park,45,2,-25.274398,133.775136,2013 - 07
Jul-13,PHILIPPINES,883,Meter King,6.25,1,12.879721,121.774017,2013 - 07
Jul-13,PHILIPPINES,884,Meter King,6.25,1,12.879721,121.774017,2013 - 07
Jul-13,PHILIPPINES,885,Meter King,6.25,1,12.879721,121.774017,2013 - 07
Jul-13,PHILIPPINES,886,Meter King,6.25,1,12.879721,121.774017,2013 - 07
Jul-13,VIETNAM,892,SPC-Rach Gia ,40,2,10.816722,106.6421873,2013 - 07
Jul-13,VIETNAM,893,SPC-Rach Gia ,40,2,10.816722,106.6421873,2013 - 07
Aug-13,NEW ZEALAND,852,MainPower ,23,1,-40.900557,174.885971,2013 - 08
Aug-13,NEW ZEALAND,853,MainPower ,23,1,-40.900557,174.885971,2013 - 08
Aug-13,NEW ZEALAND,854,MainPower ,23,1,-40.900557,174.885971,2013 - 08
Aug-13,NEW ZEALAND,855,MainPower ,23,1,-40.900557,174.885971,2013 - 08
Aug-13,AUSTRALIA,875,Ergon-Toowoomba,40,2,-25.274398,133.775136,2013 - 08
Aug-13,AUSTRALIA,876,Ergon-Toowoomba,40,2,-25.274398,133.775136,2013 - 08
Aug-13,PHILIPPINES,881,Yamamura,12.5,1,12.879721,121.774017,2013 - 08
Aug-13,AUSTRALIA,894,Clarke Energy Chinchilla Sub,38,1,-25.274398,133.775136,2013 - 08
Aug-13,VIETNAM,898,Samsung Vietnam,25,1,10.816722,106.6421873,2013 - 08
Sep-13,South Africa,874,OMNIK Project,20,1,-30.559482,22.937506,2013 - 09
Sep-13,PHILIPPINES,891,CESTCO/VRESCO,12.5,1,12.879721,121.774017,2013 - 09
Sep-13,PHILIPPINES,899,Perodua ,20,1,12.879721,121.774017,2013 - 09
Sep-13,VIETNAM,900,Th�p M__i- �_ng Th�p,40,2,10.816722,106.6421873,2013 - 09
Sep-13,VIETNAM,901,��ng H_i- B_c Li�u,40,2,10.816722,106.6421873,2013 - 09
Sep-13,VIETNAM,902, V_nh Thu_n- Ki�n Giang,40,2,10.816722,106.6421873,2013 - 09
Sep-13,VIETNAM,903,B�nh S_n- �_ng Nai,40,2,10.816722,106.6421873,2013 - 09
Sep-13,VIETNAM,906,Nhon Trach,63,3,10.816722,106.6421873,2013 - 09
Sep-13,PHILIPPINES,911,Coca Cola,12.5,1,12.879721,121.774017,2013 - 09
Sep-13,SINGAPORE,913,CCM Steel Mill,16,1,1.352083,103.819836,2013 - 09
Sep-13,VIETNAM,915,Xuyen Moc SS,63,3,10.816722,106.6421873,2013 - 09
Sep-13,PHILIPPINES,916,Panelco III CARMEN Substation,18.5,1,12.879721,121.774017,2013 - 09
Sep-13,VIETNAM,928,Cai Be SS,63,3,10.816722,106.6421873,2013 - 09
Oct-13,NEW ZEALAND,904,Worley Parsons-Refining NZ,25,1,-40.900557,174.885971,2013 - 10
Oct-13,NEW ZEALAND,905,Worley Parsons-Refining NZ,25,1,-40.900557,174.885971,2013 - 10
Oct-13,PHILIPPINES,909,CEPALCO - Kauswagan,28,1,12.879721,121.774017,2013 - 10
Oct-13,PHILIPPINES,910,CEPALCO - Aluba,22.4,1,12.879721,121.774017,2013 - 10
Oct-13,SINGAPORE,914,CCM Steel Mill,40,2,1.352083,103.819836,2013 - 10
Oct-13,INDONESIA,919,Sumbawa ,12.5,1,-0.789275,113.921327,2013 - 10
Oct-13,INDONESIA,920,Sumbawa,12.5,1,-0.789275,113.921327,2013 - 10
Oct-13,MAURITIUS,927,Bambous-Mauritus,25,1,-20.348404,57.552152,2013 - 10
Oct-13,Zambia,829,Zambia/ZESCO Luangwa,12.5,1,-13.133897,27.849332,2013 - 10
Oct-13,PHILIPPINES,930,Meter King,25,1,12.879721,121.774017,2013 - 10
Oct-13,VIETNAM,934,Samsung Vietnam,20,1,21.0272519,105.8357938,2013 - 10
Oct-13,VIETNAM,935,Samsung Vietnam,20,1,21.0272519,105.8357938,2013 - 10
Oct-13,VIETNAM,936,Samsung Vietnam,20,1,21.0272519,105.8357938,2013 - 10
Oct-13,VIETNAM,937,Samsung Vietnam,20,1,21.0272519,105.8357938,2013 - 10
Oct-13,VIETNAM,938,Samsung Vietnam,20,1,21.0272519,105.8357938,2013 - 10
Oct-13,VIETNAM,939,Samsung Vietnam,20,1,21.0272519,105.8357938,2013 - 10
Nov-13,MALAYSIA,839,Nabawan Substation,30,1,4.210484,101.975766,2013 - 11
Nov-13,MALAYSIA,840,Nabawan Substation,30,1,4.210484,101.975766,2013 - 11
Nov-13,INDONESIA,921,Payoselincah,30,1,-0.789275,113.921327,2013 - 11
Nov-13,INDONESIA,922,Payoselincah,30,1,-0.789275,113.921327,2013 - 11
Nov-13,VIETNAM,923,VSIP Binh Duong,63,3,10.816722,106.6421873,2013 - 11
Nov-13,INDONESIA,924,EMSINDO Bima,30,1,-0.789275,113.921327,2013 - 11
Nov-13,PHILIPPINES,931,Meter King,12.5,1,12.879721,121.774017,2013 - 11
Nov-13,TAIWAN,940,USI replacement ,18.75,1,23.69781,120.960515,2013 - 11
Nov-13,AUSTRALIA,956,Spare Transformers for Tronox,27,1,-25.274398,133.775136,2013 - 11
Nov-13,VIETNAM,959,Ninh Hoa Sugar,38,1,10.816722,106.6421873,2013 - 11
Dec-13,KENYA,896,ZESCO CONCO,31.5,1,-0.023559,37.906193,2013 - 12
Dec-13,KENYA,897,ZESCO CONCO,31.5,1,-0.023559,37.906193,2013 - 12
Dec-13,PHILIPPINES,932,Meter King,12.5,1,12.879721,121.774017,2013 - 12
Dec-13,PHILIPPINES,933,Meter King,12.5,1,12.879721,121.774017,2013 - 12
Dec-13,AUSTRALIA,941,CNN wind farm,30,1,-25.274398,133.775136,2013 - 12
Dec-13,AUSTRALIA,942,CNN wind farm,30,1,-25.274398,133.775136,2013 - 12
Dec-13,AUSTRALIA,943,Bald Hill wimd farm,70,3,-25.274398,133.775136,2013 - 12
Dec-13,AUSTRALIA,944,Bald Hill wimd farm,70,3,-25.274398,133.775136,2013 - 12
Dec-13,JAPAN,947,Petronas LNG,37.5,1,4.210484,101.975766,2013 - 12
Dec-13,JAPAN,948,Petronas LNG,37.5,1,4.210484,101.975766,2013 - 12
Dec-13,JAPAN,949,Petronas LNG,37.5,1,4.210484,101.975766,2013 - 12
Dec-13,JAPAN,950,Petronas LNG,37.5,1,4.210484,101.975766,2013 - 12
Dec-13,JAPAN,951,Petronas LNG,37.5,1,4.210484,101.975766,2013 - 12
Dec-13,JAPAN,952,Petronas LNG,30,1,4.210484,101.975766,2013 - 12
Dec-13,PHILIPPINES,960,Victorias Milling,5,1,12.879721,121.774017,2013 - 12
Dec-13,VIETNAM,965,Formosa,23.5,1,21.0272519,105.8357938,2013 - 12
Dec-13,VIETNAM,966,H�  L_m,12.5,1,21.0272519,105.8357938,2013 - 12
Dec-13,VIETNAM,967,H�  L_m,12.5,1,21.0272519,105.8357938,2013 - 12
Dec-13,INDONESIA,968,Gudang Garam,12.5,1,-0.789275,113.921327,2013 - 12
Dec-13,INDONESIA,969,Samator Gas ,42,2,-0.789275,113.921327,2013 - 12
Jan-14,AUSTRALIA,912,United Energy Period Contract,33,1,-25.274398,133.775136,2014 - 01
Jan-14,JAPAN,953,Petronas LNG,20,1,4.210484,101.975766,2014 - 01
Jan-14,JAPAN,954,Petronas LNG,20,1,4.210484,101.975766,2014 - 01
Jan-14,JAPAN,955,Petronas LNG,20,1,4.210484,101.975766,2014 - 01
Jan-14,VIETNAM,974,Nghi Son Temporary Substation,24,1,21.0272519,105.8357938,2014 - 01
Jan-14,JAPAN,806,Ichthys Project,30,1,-25.274398,133.775136,2014 - 01
Jan-14,JAPAN,807,Ichthys Project,30,1,-25.274398,133.775136,2014 - 01
Feb-14,SINGAPORE,945,Microsoft/Obayasi,66,3,1.352083,103.819836,2014 - 02
Feb-14,AUSTRALIA,961,Jemena/ Broadmeadows ,33,1,-25.274398,133.775136,2014 - 02
Feb-14,AUSTRALIA,962,Jemena/ Broadmeadows ,33,1,-25.274398,133.775136,2014 - 02
Feb-14,JAPAN,812,Ichthys Project,20,1,-25.274398,133.775136,2014 - 02
Feb-14,JAPAN,813,Ichthys Project,20,1,-25.274398,133.775136,2014 - 02
Mar-14,MALAWI,925,Malawi,12.5,1,-13.254308,34.301525,2014 - 03
Mar-14,SINGAPORE,946,Microsoft/Obayasi,66,3,1.352083,103.819836,2014 - 03
Mar-14,AUSTRALIA,975,Endeavour Energy period contract 35MVA,35,1,-25.274398,133.775136,2014 - 03
Mar-14,NEW ZEALAND,978,Spare for TeMihi,16,1,-40.900557,174.885971,2014 - 03
Mar-14,VIETNAM,980,Van giang,63,3,21.0272519,105.8357938,2014 - 03
Mar-14,VIETNAM,981,Truc ninh,25,1,21.0272519,105.8357938,2014 - 03
Mar-14,VIETNAM,982,Quynh phu,25,1,21.0272519,105.8357938,2014 - 03
Mar-14,AUSTRALIA,985,FMG,52,2,-25.274398,133.775136,2014 - 03
Mar-14,AUSTRALIA,991,Clarke Energy,38,1,-25.274398,133.775136,2014 - 03
Mar-14,JAPAN,800,Ichthys Project,68.6,3,-25.274398,133.775136,2014 - 03
Mar-14,JAPAN,801,Ichthys Project,68.6,3,-25.274398,133.775136,2014 - 03
Mar-14,JAPAN,804,Ichthys Project,22,1,-25.274398,133.775136,2014 - 03
Mar-14,JAPAN,805,Ichthys Project,22,1,-25.274398,133.775136,2014 - 03
Mar-14,JAPAN,810,Ichthys Project,18,1,-25.274398,133.775136,2014 - 03
Mar-14,JAPAN,811,Ichthys Project,18,1,-25.274398,133.775136,2014 - 03
Apr-14,AUSTRALIA,832,UGL,10,1,-25.274398,133.775136,2014 - 04
Apr-14,AUSTRALIA,833,UGL,10,1,-25.274398,133.775136,2014 - 04
Apr-14,South Africa,972,Venetia Underground,50,2,-30.559482,22.937506,2014 - 04
Apr-14,South Africa,973,Venetia Underground,50,2,-30.559482,22.937506,2014 - 04
Apr-14,PHILIPPINES,976,PH/ Eagle Cement Expension,25,1,12.879721,121.774017,2014 - 04
Apr-14,PHILIPPINES,977,PH/ Eagle Cement Expension,25,1,12.879721,121.774017,2014 - 04
Apr-14,INDONESIA,983,PT Pupuk Sriwidjaja,40,2,-0.789275,113.921327,2014 - 04
Apr-14,INDONESIA,984,PT Pupuk Sriwidjaja,40,2,-0.789275,113.921327,2014 - 04
Apr-14,MALAYSIA,986,TNB Remaco,15,1,4.210484,101.975766,2014 - 04
Apr-14,MALAYSIA,987,PRAI CCGT Power Plant,55,2,4.210484,101.975766,2014 - 04
Apr-14,MALAYSIA,988,PRAI CCGT Power Plant,55,2,4.210484,101.975766,2014 - 04
Apr-14,VIETNAM,1003,Bu Dop,40,2,10.816722,106.6421873,2014 - 04
Apr-14,VIETNAM,1010,Phu quoc,40,2,10.816722,106.6421873,2014 - 04
May-14,TAIWAN,907,APC-Taiwan,25,1,23.69781,120.960515,2014 - 05
May-14,AUSTRALIA,963,Jemena/Tullamarine ,33,1,-25.274398,133.775136,2014 - 05
May-14,AUSTRALIA,964,Jemena/Tullamarine ,33,1,-25.274398,133.775136,2014 - 05
May-14,PHILIPPINES,979,Peak Power�,30,1,12.879721,121.774017,2014 - 05
May-14,AUSTRALIA,990,Essential Energy,30,1,-25.274398,133.775136,2014 - 05
May-14,AUSTRALIA,996,Tronox,27,1,-25.274398,133.775136,2014 - 05
May-14,PHILIPPINES,997,TARELCO,25,1,12.879721,121.774017,2014 - 05
May-14,AUSTRALIA,998,CS Energy,25,1,-25.274398,133.775136,2014 - 05
May-14,VIETNAM,1000,Vinh Chau,40,2,10.816722,106.6421873,2014 - 05
May-14,VIETNAM,1004,Tuy Hoa1,40,2,10.816722,106.6421873,2014 - 05
May-14,VIETNAM,1005,Ba Don,40,2,10.816722,106.6421873,2014 - 05
Jun-14,TAIWAN,908,APC-Taiwan,25,1,23.69781,120.960515,2014 - 06
Jun-14,PHILIPPINES,989,Meter king-ISECO,10,1,12.879721,121.774017,2014 - 06
Jun-14,NEW ZEALAND,992,WEL Network,23,1,-40.900557,174.885971,2014 - 06
Jun-14,NEW ZEALAND,993,WEL Network,23,1,-40.900557,174.885971,2014 - 06
Jun-14,PHILIPPINES,1008,Tarlac II,27,1,12.879721,121.774017,2014 - 06
Jun-14,VIETNAM,1012,Dong Xoai,40,2,10.816722,106.6421873,2014 - 06
Jun-14,VIETNAM,1013,Long An,40,2,10.816722,106.6421873,2014 - 06
Jun-14,VIETNAM,1014,Tan Huong,40,2,10.816722,106.6421873,2014 - 06
Jun-14,VIETNAM,1015,Ham Kiem,63,3,10.816722,106.6421873,2014 - 06
Jun-14,JAPAN,814,Ichthys Project,16,1,-25.274398,133.775136,2014 - 06
Jun-14,JAPAN,815,Ichthys Project,16,1,-25.274398,133.775136,2014 - 06
Jun-14,JAPAN,816,Ichthys Project,16,1,-25.274398,133.775136,2014 - 06
Jun-14,JAPAN,817,Ichthys Project,16,1,-25.274398,133.775136,2014 - 06
Jul-14,NEW ZEALAND,994,WEL Network,23,1,-40.900557,174.885971,2014 - 07
Jul-14,NEW ZEALAND,1001,North Power,35,1,-40.900557,174.885971,2014 - 07
Jul-14,AUSTRALIA,1009,BHP Billiton,12.5,1,-25.274398,133.775136,2014 - 07
Jul-14,VIETNAM,1016,Thuan Nam,63,3,10.816722,106.6421873,2014 - 07
Jul-14,AUSTRALIA,1022,Clarke Energy,38,1,-25.274398,133.775136,2014 - 07
Jul-14,JAPAN,802,Ichthys Project,22,1,-25.274398,133.775136,2014 - 07
Jul-14,JAPAN,803,Ichthys Project,22,1,-25.274398,133.775136,2014 - 07
Jul-14,JAPAN,808,Ichthys Project,18,1,-25.274398,133.775136,2014 - 07
Jul-14,JAPAN,809,Ichthys Project,18,1,-25.274398,133.775136,2014 - 07
Aug-14,NEW ZEALAND,995,WEL Network,23,1,-40.900557,174.885971,2014 - 08
Aug-14,NEW ZEALAND,1002,North Power,35,1,-40.900557,174.885971,2014 - 08
Aug-14,INDONESIA,1007,Ispatindo,50,2,-0.789275,113.921327,2014 - 08
Aug-14,NEW ZEALAND,1018,Network Waitaki,24,1,-40.900557,174.885971,2014 - 08
Aug-14,Tazania,1024,Tanga Cement/ZAABB,30,1,-6.369028,34.888822,2014 - 08
Aug-14,Tazania,1025,Tanga Cement/ZAABB,30,1,-6.369028,34.888822,2014 - 08
Aug-14,VIETNAM,1028,Th_nh Tr_  SS,40,2,10.816722,106.6421873,2014 - 08
Aug-14,VIETNAM,1029,B_c Li�u SS,40,2,10.816722,106.6421873,2014 - 08
Aug-14,PHILIPPINES,929,Meter king-ISECO (repair),15,1,12.879721,121.774017,2014 - 08
Aug-14,VIETNAM,1030,Ng�i Giao,63,3,10.816722,106.6421873,2014 - 08
Sep-14,NEW ZEALAND,1019,Orion New Zealand,40,2,-40.900557,174.885971,2014 - 09
Sep-14,NEW ZEALAND,1020,Orion New Zealand,40,2,-40.900557,174.885971,2014 - 09
Sep-14,NEW ZEALAND,1021,Orion New Zealand,40,2,-40.900557,174.885971,2014 - 09
Sep-14,PHILIPPINES,1026,Davao Light,33,1,12.879721,121.774017,2014 - 09
Sep-14,AUSTRALIA,1027,Woodside,16,1,-25.274398,133.775136,2014 - 09
Sep-14,SWEDEN,1031,ELTEL NETWORKS TE AB,25,1,-6.369028,34.888822,2014 - 09
Sep-14,AUSTRALIA,1039,Daunia (repeat of VN760),10,1,-25.274398,133.775136,2014 - 09
Oct-14,INDONESIA,1023,Peusangan,30,1,-0.789275,113.921327,2014 - 10
Oct-14,SWEDEN,1032,ELTEL NETWORKS TE AB,25,1,-6.369028,34.888822,2014 - 10
Oct-14,SWEDEN,1033,ELTEL NETWORKS TE AB,25,1,-6.369028,34.888822,2014 - 10
Oct-14,JAPAN,1040,"Solar-Fukuroda, Ibaraki (Tx)",25,1,36.204824,138.252924,2014 - 10
Oct-14,VIETNAM,1048,Ch�u Th�nh (__ng Th�p) ,40,2,10.816722,106.6421873,2014 - 10
Oct-14,VIETNAM,1049,H�n __t (Ki�n Giang),40,2,10.816722,106.6421873,2014 - 10
Oct-14,VIETNAM,1050,Ph� T�n (C� Mau),40,2,10.816722,106.6421873,2014 - 10
Oct-14,VIETNAM,1051,V_nh Th_nh (C_n Th_),40,2,10.816722,106.6421873,2014 - 10
Oct-14,VIETNAM,1052,Thu_n Giao (B�nh D__ng),63,3,10.816722,106.6421873,2014 - 10
Oct-14,VIETNAM,1053,Ma L�m (B�nh Thu_n),63,3,10.816722,106.6421873,2014 - 10
Oct-14,VIETNAM,1054,__t Cu_c ( B�nh D__ng) ,63,3,10.816722,106.6421873,2014 - 10
Nov-14,SWEDEN,1035,ELTEL NETWORKS TE AB,10,1,-6.369028,34.888822,2014 - 11
Nov-14,JAPAN,1041,"Solar-Fukuroda, Ibaraki (Tx)",0.05,1,36.204824,138.252924,2014 - 11
Nov-14,VIETNAM,1055,An Th_nh (Long An) ,63,3,10.816722,106.6421873,2014 - 11
Nov-14,VIETNAM,1042,Nh_n T�n,25,1,10.816722,106.6421873,2014 - 11
Nov-14,VIETNAM,1043,__c C_,25,1,10.816722,106.6421873,2014 - 11
Nov-14,SWEDEN,1034,ELTEL NETWORKS TE AB,25,1,-6.369028,34.888822,2014 - 11
Nov-14,SWEDEN,1036,ELTEL NETWORKS TE AB,10,1,-6.369028,34.888822,2014 - 11
Nov-14,SWEDEN,1037,ELTEL NETWORKS TE AB,10,1,-6.369028,34.888822,2014 - 11
Nov-14,SWEDEN,1038,ELTEL NETWORKS TE AB,5,1,-6.369028,34.888822,2014 - 11
Dec-14,NEW ZEALAND,1061,Powerco - Mangamutu Substation,17,1,-40.900557,174.885971,2014 - 12
Dec-14,NEW ZEALAND,1062,Powerco - Mangamutu Substation,17,1,-40.900557,174.885971,2014 - 12
Dec-14,PHILIPPINES,1068,Meterking ,12.5,1,12.879721,121.774017,2014 - 12
Dec-14,Congo,971,Congo,15,1,-0.228021,15.827659,2014 - 12
Dec-14,AUSTRALIA,1058,"Electranet - Neuroodla & Mt. Gunson & Talem Bend
",10,1,-25.274398,133.775136,2014 - 12
Dec-14,AUSTRALIA,1059,"Electranet - Neuroodla & Mt. Gunson & Talem Bend
",10,1,-25.274398,133.775136,2014 - 12
Dec-14,AUSTRALIA,1060,"Electranet - Neuroodla & Mt. Gunson & Talem Bend
",10,1,-25.274398,133.775136,2014 - 12
Dec-14,VIETNAM,1070,B_n Tre,63,3,10.816722,106.6421873,2014 - 12
Dec-14,VIETNAM,1072,Samsung,20,1,21.0272519,105.8357938,2014 - 12
Dec-14,VIETNAM,1073,Samsung,20,1,21.0272519,105.8357938,2014 - 12
Dec-14,Congo,1017,PMEDE,15,1,-0.228021,15.827659,2014 - 12
Dec-14,PHILIPPINES,1069,Davao Light,33,1,12.879721,121.774017,2014 - 12
Dec-14,VIETNAM,1057,HCMPC,63,3,10.816722,106.6421873,2014 - 12
Dec-14,VIETNAM,1056,HCMPC,40,2,10.816722,106.6421873,2014 - 12
Dec-14,VIETNAM,1075,_i_n Ng_c,40,2,21.0272519,105.8357938,2014 - 12
Jan-15,MALAYSIA,1044,SEB-Petanak,25,1,4.210484,101.975766,2015 - 01
Jan-15,MALAYSIA,1045,SEB-Petanak,25,1,4.210484,101.975766,2015 - 01
Jan-15,VIETNAM,1085,Samsung ,20,1,21.0272519,105.8357938,2015 - 01
Jan-15,VIETNAM,1086,Samsung ,20,1,21.0272519,105.8357938,2015 - 01
Jan-15,VIETNAM,1071,Th_nh H_ng,63,3,10.816722,106.6421873,2015 - 01
Feb-15,VIETNAM,1087,Samsung ,20,1,21.0272519,105.8357938,2015 - 02
Feb-15,VIETNAM,1088,Samsung ,20,1,21.0272519,105.8357938,2015 - 02
Feb-15,VIETNAM,1089,Samsung ,20,1,21.0272519,105.8357938,2015 - 02
Feb-15,VIETNAM,1090,Samsung ,20,1,21.0272519,105.8357938,2015 - 02
Feb-15,VIETNAM,1091,Samsung ,20,1,21.0272519,105.8357938,2015 - 02
Feb-15,VIETNAM,1092,Samsung ,20,1,21.0272519,105.8357938,2015 - 02
Feb-15,VIETNAM,1093,Samsung ,20,1,21.0272519,105.8357938,2015 - 02
Feb-15,VIETNAM,1094,Samsung ,20,1,21.0272519,105.8357938,2015 - 02
Mar-15,VIETNAM,1095,Samsung ,20,1,21.0272519,105.8357938,2015 - 03
Mar-15,VIETNAM,1080,Ph__c _�ng,63,3,21.0272519,105.8357938,2015 - 03
Mar-15,PHILIPPINES,1077,Oceana Gold,25,1,12.879721,121.774017,2015 - 03
Mar-15,VIETNAM,1074,V_nh Y�n,63,3,21.0272519,105.8357938,2015 - 03
Mar-15,MALAYSIA,1097,TNB Remaco - Chenderoh,15,1,4.210484,101.975766,2015 - 03
Mar-15,MALAYSIA,1098,TNB Remaco - Chenderoh,15,1,4.210484,101.975766,2015 - 03
Mar-15,VIETNAM,1078,Noi Bai,25,1,21.0272519,105.8357938,2015 - 03
Mar-15,VIETNAM,1079,Noi Bai,25,1,21.0272519,105.8357938,2015 - 03
Mar-15,AUSTRALIA,970,Endeavour Energy Marsden Park,45,2,-25.274398,133.775136,2015 - 03
Mar-15,INDONESIA,1110,Cement Mirah Putih,18.5,1,-0.789275,113.921327,2015 - 03
Mar-15,MALAYSIA,1067,Kiswire,40,2,4.210484,101.975766,2015 - 03
Apr-15,AUSTRALIA,999,SP Ausnet Repeat,33,1,-25.274398,133.775136,2015 - 04
Apr-15,INDONESIA,1076,Mulia Glass,60,3,-0.789275,113.921327,2015 - 04
Apr-15,MALAYSIA,1064,Daelim - Track 3A TNB,55,2,4.210484,101.975766,2015 - 04
Apr-15,MALAYSIA,1065,Daelim - Track 3A TNB,55,2,4.210484,101.975766,2015 - 04
Apr-15,MALAYSIA,1066,Daelim - Track 3A TNB,55,2,4.210484,101.975766,2015 - 04
Apr-15,PHILIPPINES,1106,La Carlota Solar,35,1,12.879721,121.774017,2015 - 04
Apr-15,PHILIPPINES,1096,Lima Land,50,2,12.879721,121.774017,2015 - 04
May-15,Swaziland,1103,Swaziland,10,1,-26.522503,31.465866,2015 - 05
May-15,Swaziland,1104,Swaziland,10,1,-26.522503,31.465866,2015 - 05
May-15,Swaziland,1105,Swaziland,7.5,1,-26.522503,31.465866,2015 - 05
May-15,PHILIPPINES,1109,Cocacola,10,1,12.879721,121.774017,2015 - 05
May-15,MALAYSIA,1107,PETRONAS RAPID CAMP,25,1,4.210484,101.975766,2015 - 05
May-15,MALAYSIA,1108,PETRONAS RAPID CAMP,25,1,4.210484,101.975766,2015 - 05
May-15,VIETNAM,1113,Hue 3,25,1,10.816722,106.6421873,2015 - 05
May-15,VIETNAM,1114,Krong Ana,25,1,10.816722,106.6421873,2015 - 05
May-15,Coach of Ivory,1046,Owendo SS,36,1,7.539989,-5.54708,2015 - 05
May-15,Coach of Ivory,1047,Owendo SS,36,1,7.539989,-5.54708,2015 - 05
May-15,VIETNAM,1116,VSIP,63,3,21.0272519,105.8357938,2015 - 05
May-15,VIETNAM,1118,Thanh Cong,63,3,21.0272519,105.8357938,2015 - 05
Jun-15,VIETNAM,1130,Thap Cham 1,40,2,10.816722,106.6421873,2015 - 06
Jun-15,VIETNAM,1131,Thap Cham 2,40,2,10.816722,106.6421873,2015 - 06
Jun-15,VIETNAM,1132,Dong Xuyen,40,2,10.816722,106.6421873,2015 - 06
Jun-15,VIETNAM,1117,Linh Dam,63,3,21.0272519,105.8357938,2015 - 06
Jun-15,PHILIPPINES,1126,Apex Mining,15,1,12.879721,121.774017,2015 - 06
Jun-15,MALAYSIA,1128,Hicom Automotive,20,1,4.210484,101.975766,2015 - 06
Jun-15,SINGAPORE,1111,Jurong Shipyard,20,1,1.352083,103.819836,2015 - 06
Jun-15,SINGAPORE,1112,Jurong Shipyard,20,1,1.352083,103.819836,2015 - 06
Jun-15,NEW ZEALAND,1115,Centre Bush,5,1,-40.900557,174.885971,2015 - 06
Jun-15,VIETNAM,1133,Thanh Hung,63,3,10.816722,106.6421873,2015 - 06
Jul-15,VIETNAM,1139,Cao Son,20,1,21.0272519,105.8357938,2015 - 07
Jul-15,VIETNAM,1140,Cao Son,20,1,21.0272519,105.8357938,2015 - 07
Jul-15,VIETNAM,1141,Cao Son,22.5,1,21.0272519,105.8357938,2015 - 07
Jul-15,VIETNAM,1142,Cao Son,22.5,1,21.0272519,105.8357938,2015 - 07
Jul-15,VIETNAM,1137,Gia Lam,63,3,21.0272519,105.8357938,2015 - 07
Jul-15,Congo,1127,Regideso,30,1,-0.228021,15.827659,2015 - 07
Aug-15,Uganda,1124,Umeme,20,1,1.373333,32.290275,2015 - 08
Aug-15,Uganda,1125,Umeme,20,1,1.373333,32.290275,2015 - 08
Aug-15,Uganda,1119,Umeme,14,1,1.373333,32.290275,2015 - 08
Aug-15,Uganda,1123,Umeme,14,1,1.373333,32.290275,2015 - 08
Aug-15,Uganda,1121,Umeme,14,1,1.373333,32.290275,2015 - 08
Aug-15,Uganda,1120,Umeme,14,1,1.373333,32.290275,2015 - 08
Aug-15,Uganda,1122,Umeme,14,1,1.373333,32.290275,2015 - 08
Aug-15,PHILIPPINES,1146,SAJELCO,18.5,1,12.879721,121.774017,2015 - 08
Aug-15,VIETNAM,1155,DP01,63,3,21.0272519,105.8357938,2015 - 08
Sep-15,TAHITI,1134,Tahiti - French Polynesia,32,1,-17.679742,-149.406843,2015 - 09
Sep-15,PHILIPPINES,1153,ASELCO,12.5,1,12.879721,121.774017,2015 - 09
Sep-15,NEW ZEALAND,1129,Horizon Energy ,16,1,-40.900557,174.885971,2015 - 09
Sep-15,AUSTRALIA,1143,Coonooer Bridge Wind farm,25,1,-25.274398,133.775136,2015 - 09
Sep-15,VIETNAM,1156,DP02,63,3,21.0272519,105.8357938,2015 - 09
Sep-15,SWEDEN,1099,ELTEL NETWORKS TE AB,10,1,-6.369028,34.888822,2015 - 09
Sep-15,SWEDEN,1100,ELTEL NETWORKS TE AB,10,1,-6.369028,34.888822,2015 - 09
Sep-15,MALAYSIA,1144,SEB - Samajama,25,1,4.210484,101.975766,2015 - 09
Oct-15,MALAYSIA,1145,SEB - Samajama,25,1,4.210484,101.975766,2015 - 10
Oct-15,VIETNAM,1164,DP - 04,63,3,21.0272519,105.8357938,2015 - 10
Oct-15,PHILIPPINES,1157,Philcantech,55,2,12.879721,121.774017,2015 - 10
Oct-15,INDONESIA,1159,Inhils Sarimas Kelapa,20,1,-0.789275,113.921327,2015 - 10
Oct-15,PHILIPPINES,1151,VECO,33,1,12.879721,121.774017,2015 - 10
Oct-15,PHILIPPINES,1152,VECO,33,1,12.879721,121.774017,2015 - 10
Oct-15,PHILIPPINES,1168,ASB Digos Solar,30,1,12.879721,121.774017,2015 - 10
Oct-15,PHILIPPINES,1169,ASB Digos Solar,30,1,12.879721,121.774017,2015 - 10
Nov-15,Japan,1165,Sunrise,11.3,1,36.204824,138.252924,2015 - 11
Nov-15,PHILIPPINES,1154,Bicol,6.5,1,12.879721,121.774017,2015 - 11
Nov-15,VIETNAM,1176,Ky Son - Hoa Binh,40,2,21.0272519,105.8357938,2015 - 11
Nov-15,AUSTRALIA,1147,Charlie FCS ,28.75,1,-25.274398,133.775136,2015 - 11
Nov-15,AUSTRALIA,1148,Charlie FCS ,28.75,1,-25.274398,133.775136,2015 - 11
Nov-15,AUSTRALIA,1149,Charlie FCS ,28.75,1,-25.274398,133.775136,2015 - 11
Dec-15,AUSTRALIA,1150,Charlie FCS ,28.75,1,-25.274398,133.775136,2015 - 12
Dec-15,VIETNAM,1178,SPC Cho Gao,40,2,10.816722,106.6421873,2015 - 12
Dec-15,VIETNAM,1190,Loteco - Dong Nai PC,63,3,10.816722,106.6421873,2015 - 12
Dec-15,VIETNAM,1200,SPC Long Hau,40,2,10.816722,106.6421873,2015 - 12
Dec-15,VIETNAM,1188,Eahleo,40,2,10.816722,106.6421873,2015 - 12
Dec-15,PHILIPPINES,1185,Grand Solar,45,2,12.879721,121.774017,2015 - 12
Dec-15,VIETNAM,1191,Loteco - Dong Nai PC,63,3,10.816722,106.6421873,2015 - 12
Dec-15,VIETNAM,1187,Hoi An,40,2,10.816722,106.6421873,2015 - 12
Dec-15,VIETNAM,1202,SPC spare repeat VN1183,63,3,10.816722,106.6421873,2015 - 12
Dec-15,VIETNAM,1189,CPC Dong De,40,2,10.816722,106.6421873,2015 - 12
Dec-15,VIETNAM,1201,SPC An Tay,63,3,10.816722,106.6421873,2015 - 12
Dec-15,VIETNAM,1186,Phu Bai,40,2,10.816722,106.6421873,2015 - 12
Jan-16,VIETNAM,1182,SPC O Mon,40,2,10.816722,106.6421873,2016 - 01
Jan-16,VIETNAM,1198,Giam SS,63,3,21.0272519,105.8357938,2016 - 01
Jan-16,VIETNAM,1199,Giam SS,63,3,21.0272519,105.8357938,2016 - 01
Jan-16,VIETNAM,1180,SPC Giang Dien,40,2,10.816722,106.6421873,2016 - 01
Jan-16,VIETNAM,1184,SPC Go Quao,40,2,10.816722,106.6421873,2016 - 01
Jan-16,VIETNAM,1179,SPC Long Duc,40,2,10.816722,106.6421873,2016 - 01
Jan-16,PHILIPPINES,1192,Biscom,25,1,12.879721,121.774017,2016 - 01
Jan-16,PHILIPPINES,1193,Biscom,20,1,12.879721,121.774017,2016 - 01
Feb-16,SINGAPORE,1207,Changi NEWater Plant,18.75,1,1.352083,103.819836,2016 - 02
Feb-16,SINGAPORE,1208,Changi NEWater Plant,18.75,1,1.352083,103.819836,2016 - 02
Feb-16,VIETNAM,1218,Ha Dong,63,3,21.0272519,105.8357938,2016 - 02
Feb-16,VIETNAM,1219,Sai Dong 1,63,3,21.0272519,105.8357938,2016 - 02
Feb-16,PHILIPPINES,1196,Feed Mills,7.5,1,12.879721,121.774017,2016 - 02
Feb-16,INDONESIA,1158,Manijau,21.5,1,-0.789275,113.921327,2016 - 02
Mar-16,VIETNAM,1220,Sai Dong 2,63,3,21.0272519,105.8357938,2016 - 03
Mar-16,INDONESIA,1197,Alstom Karraha Geothermal Power Plant,43,2,-0.789275,113.921327,2016 - 03
Mar-16,VIETNAM,1203,DP Tet 2016,63,3,21.0272519,105.8357938,2016 - 03
Mar-16,VIETNAM,1205,SPC Package 26,40,2,10.816722,106.6421873,2016 - 03
Mar-16,KENYA,1135,KPLC,23,1,-0.023559,37.906193,2016 - 03
Mar-16,KENYA,1136,KPLC,23,1,-0.023559,37.906193,2016 - 03
Mar-16,VIETNAM,1227,Song Cau,25,1,21.0272519,105.8357938,2016 - 03
Mar-16,VIETNAM,1232,Da Nang PC,63,3,10.816722,106.6421873,2016 - 03
Mar-16,VIETNAM,1233,Da Nang PC,63,3,10.816722,106.6421873,2016 - 03
Apr-16,INDONESIA,1163,Indofood,15,1,-0.789275,113.921327,2016 - 04
Apr-16,PHILIPPINES,1228,Davao container port,33,1,12.879721,121.774017,2016 - 04
Apr-16,PHILIPPINES,1241,Cesco,25,1,12.879721,121.774017,2016 - 04
Apr-16,MALAYSIA,1229,F&N Factory Shan Alam,20,1,4.210484,101.975766,2016 - 04
Apr-16,VIETNAM,1253,SPC Package 8,40,2,10.816722,106.6421873,2016 - 04
Apr-16,VIETNAM,1254,SPC Package 8,40,2,10.816722,106.6421873,2016 - 04
Apr-16,VIETNAM,1255,SPC Package 8,40,2,10.816722,106.6421873,2016 - 04
Apr-16,VIETNAM,1256,SPC Package 8,40,2,10.816722,106.6421873,2016 - 04
Apr-16,MALAYSIA,1209,PSI/Samsung C&T - Rapid package,31.5,1,4.210484,101.975766,2016 - 04
Apr-16,MALAYSIA,1213,PSI/Samsung C&T - Rapid package,25,1,4.210484,101.975766,2016 - 04
Apr-16,VIETNAM,1230,NPC Giap Khau,40,2,21.0272519,105.8357938,2016 - 04
Apr-16,PHILIPPINES,1242,Meterking repeat ,12.5,1,12.879721,121.774017,2016 - 04
May-16,MALAYSIA,1210,PSI/Samsung C&T - Rapid package,31.5,1,4.210484,101.975766,2016 - 05
May-16,VIETNAM,1247,SPC Package 3,63,3,10.816722,106.6421873,2016 - 05
May-16,VIETNAM,1248,SPC Package 3,63,3,10.816722,106.6421873,2016 - 05
May-16,VIETNAM,1249,SPC Package 3,63,3,10.816722,106.6421873,2016 - 05
May-16,MALAYSIA,1215,PSI/Samsung C&T - Rapid package,25,1,4.210484,101.975766,2016 - 05
May-16,VIETNAM,1250,SPC Package 4,63,3,10.816722,106.6421873,2016 - 05
May-16,MALAYSIA,1211,PSI/Samsung C&T - Rapid package,31.5,1,4.210484,101.975766,2016 - 05
May-16,PHILIPPINES,1245,OMECO,25,1,12.879721,121.774017,2016 - 05
May-16,PHILIPPINES,1244,OMECO,25,1,12.879721,121.774017,2016 - 05
May-16,VIETNAM,1251,SPC Package 4,63,3,10.816722,106.6421873,2016 - 05
May-16,VIETNAM,1252,SPC Package 4,63,3,10.816722,106.6421873,2016 - 05
Jun-16,VIETNAM,1261,Mo Lao Subs,63,3,21.0272519,105.8357938,2016 - 06
Jun-16,VIETNAM,1260,Thanh Xuan Subs,63,3,21.0272519,105.8357938,2016 - 06
Jun-16,VIETNAM,1262,HNPC - Bac Thang Long,50,2,21.0272519,105.8357938,2016 - 06
Jun-16,VIETNAM,1282,Dong Dang,40,2,21.0272519,105.8357938,2016 - 06
Jun-16,MALAYSIA,1212,PSI/Samsung C&T - Rapid package,31.5,1,4.210484,101.975766,2016 - 06
Jun-16,MALAYSIA,1214,PSI/Samsung C&T - Rapid package,20,1,4.210484,101.975766,2016 - 06
Jun-16,VIETNAM,1269,SPC Package 5,63,3,10.816722,106.6421873,2016 - 06
Jun-16,MALAYSIA,1216,PSI/Samsung C&T - Rapid package,25,1,4.210484,101.975766,2016 - 06
Jun-16,VIETNAM,1270,SPC Package 5,63,3,10.816722,106.6421873,2016 - 06
Jun-16,VIETNAM,1271,SPC Package 5,63,3,10.816722,106.6421873,2016 - 06
Jun-16,Uganda,1239,Interbus,60,3,1.373333,32.290275,2016 - 06
Jun-16,Uganda,1240,Interbus,60,3,1.373333,32.290275,2016 - 06
Jul-16,NEW ZEALAND,1243,Powernet,5,1,-40.900557,174.885971,2016 - 07
Jul-16,MALAYSIA,1166,Jesselton,30,1,4.210484,101.975766,2016 - 07
Jul-16,MALAYSIA,1167,Jesselton,30,1,4.210484,101.975766,2016 - 07
Jul-16,PHILIPPINES,1281,Ebatech Peak Power,25,1,12.879721,121.774017,2016 - 07
Jul-16,MALAYSIA,1177,Tiga LNG,20,1,4.210484,101.975766,2016 - 07
Jul-16,VIETNAM,1267,SPC Package 6,63,3,10.816722,106.6421873,2016 - 07
Jul-16,VIETNAM,1268,SPC Package 6,63,3,10.816722,106.6421873,2016 - 07
Jul-16,VIETNAM,1257,SPC Package 10,40,2,10.816722,106.6421873,2016 - 07
Jul-16,VIETNAM,1258,SPC Package 10,40,2,10.816722,106.6421873,2016 - 07
Jul-16,VIETNAM,1259,SPC Package 10,40,2,10.816722,106.6421873,2016 - 07
Jul-16,VIETNAM,1181,SPC Chau Thanh,40,2,10.816722,106.6421873,2016 - 07
Jul-16,VIETNAM,1283,IDICO Phu Lac WF,30,1,21.0272519,105.8357938,2016 - 07
Aug-16,MALAYSIA,1221,RGT-2 Terminal,37,1,4.210484,101.975766,2016 - 08
Aug-16,MALAYSIA,1222,RGT-2 Terminal,37,1,4.210484,101.975766,2016 - 08
Aug-16,MALAYSIA,1223,RGT-2 Terminal,14,1,4.210484,101.975766,2016 - 08
Aug-16,MALAYSIA,1224,RGT-2 Terminal,14,1,4.210484,101.975766,2016 - 08
Aug-16,MALAYSIA,1225,RGT-2 Terminal,14,1,4.210484,101.975766,2016 - 08
Aug-16,MALAYSIA,1226,RGT-2 Terminal,14,1,4.210484,101.975766,2016 - 08
Aug-16,VIETNAM,1263,SPC package 9,40,2,10.816722,106.6421873,2016 - 08
Aug-16,VIETNAM,1264,SPC package 9,40,2,10.816722,106.6421873,2016 - 08
Aug-16,VIETNAM,1265,SPC package 9,40,2,10.816722,106.6421873,2016 - 08
Aug-16,VIETNAM,1266,SPC package 9,40,2,10.816722,106.6421873,2016 - 08
Aug-16,VIETNAM,1294,SPC Binh Long,40,2,10.816722,106.6421873,2016 - 08
Aug-16,Uganda,1288,Moniko/Umeme,20,1,1.373333,32.290275,2016 - 08
Sep-16,Uganda,1289,Umeme/Moniko,20,1,1.373333,32.290275,2016 - 09
Sep-16,VIETNAM,1183,SPC Tan Binh,63,3,10.816722,106.6421873,2016 - 09
Sep-16,VIETNAM,1296,ACIT/Deo Ca SS,25,1,21.0272519,105.8357938,2016 - 09
Sep-16,Ghana,1284,Chirano Gold mines,30,1,7.946527,-1.023194,2016 - 09
Sep-16,VIETNAM,1293,H__ng Linh WF,40,2,10.816722,106.6421873,2016 - 09
Sep-16,VIETNAM,1290,Ca Mau Gas Processing,20,1,10.816722,106.6421873,2016 - 09
Sep-16,VIETNAM,1291,Ca Mau Gas Processing,20,1,10.816722,106.6421873,2016 - 09
Sep-16,VIETNAM,1300,Loteco Dong Nai PC,63,3,10.816722,106.6421873,2016 - 09
Sep-16,VIETNAM,1301,Loteco Dong Nai PC,63,3,10.816722,106.6421873,2016 - 09
Sep-16,CAMBODIA,1295,Rock Salts,30,1,12.565679,104.990963,2016 - 09
Sep-16,Jordan,1235,Mombasa-Nairobi oil pipeline,16,1,-0.023559,37.906193,2016 - 09
Sep-16,Jordan,1236,Mombasa-Nairobi oil pipeline,16,1,-0.023559,37.906193,2016 - 09
Sep-16,Jordan,1237,Mombasa-Nairobi oil pipeline,16,1,-0.023559,37.906193,2016 - 09
Oct-16,Jordan,1238,Mombasa-Nairobi oil pipeline,16,1,-0.023559,37.906193,2016 - 10
Oct-16,PHILIPPINES,1299,Cepalco,25,1,12.879721,121.774017,2016 - 10
Oct-16,VIETNAM,1309,SPC Spare,63,3,10.816722,106.6421873,2016 - 10
Oct-16,VIETNAM,1310,SPC Spare,63,3,10.816722,106.6421873,2016 - 10
Oct-16,VIETNAM,1311,SPC Spare,63,3,10.816722,106.6421873,2016 - 10
Oct-16,VIETNAM,1312,SPC Spare,63,3,10.816722,106.6421873,2016 - 10
Oct-16,VIETNAM,1313,SPC Spare,63,3,10.816722,106.6421873,2016 - 10
Oct-16,VIETNAM,1306,NPC/AIT/Hanaka,63,3,21.0272519,105.8357938,2016 - 10
Oct-16,JAPAN,1316,Hokota,21,1,36.204824,138.252924,2016 - 10
Oct-16,MALAYSIA,1273,Rapid package 2,25,1,4.210484,101.975766,2016 - 10
Oct-16,MALAYSIA,1274,Rapid package 2,25,1,4.210484,101.975766,2016 - 10
Oct-16,MALAYSIA,1275,Rapid package 2,31.5,1,4.210484,101.975766,2016 - 10
Oct-16,MALAYSIA,1276,Rapid package 2,31.5,1,4.210484,101.975766,2016 - 10
Nov-16,MALAYSIA,1277,Rapid package 2,60,3,4.210484,101.975766,2016 - 11
Nov-16,MALAYSIA,1278,Rapid package 2,60,3,4.210484,101.975766,2016 - 11
Nov-16,MALAYSIA,1279,Rapid package 2,60,3,4.210484,101.975766,2016 - 11
Nov-16,MALAYSIA,1280,Rapid package 2,60,3,4.210484,101.975766,2016 - 11
Nov-16,VIETNAM,1302,Tham Luong,63,3,10.816722,106.6421873,2016 - 11
Nov-16,VIETNAM,1303,Tham Luong,63,3,10.816722,106.6421873,2016 - 11
Nov-16,PHILIPPINES,1317,Aboitiz/TVI,33,1,12.879721,121.774017,2016 - 11
Nov-16,VIETNAM,1321,SPC DEP5,63,3,10.816722,106.6421873,2016 - 11
Nov-16,VIETNAM,1320,SPC DEP5,40,2,10.816722,106.6421873,2016 - 11
Nov-16,VIETNAM,1330,SEE Danang Hoa Xuan,40,2,10.816722,106.6421873,2016 - 11
Nov-16,VIETNAM,1332,SPC Phu My 3,63,3,10.816722,106.6421873,2016 - 11
Dec-16,VIETNAM,1318,EVD Nam Cam Ranh,25,1,10.816722,106.6421873,2016 - 12
Dec-16,VIETNAM,1319,Van Gia,40,2,21.0272519,105.8357938,2016 - 12
Dec-16,VIETNAM,1329,CPC Repeat G63,40,2,21.0272519,105.8357938,2016 - 12
Dec-16,INDONESIA,1217,Indo cement Boveri,30,1,-0.789275,113.921327,2016 - 12
Dec-16,VIETNAM,1348,CPC Duy Xuyen,40,2,21.0272519,105.8357938,2016 - 12
Dec-16,VIETNAM,1307,Ton Hoa Sen,63,3,21.0272519,105.8357938,2016 - 12
Dec-16,VIETNAM,1338,NPC,40,2,21.0272519,105.8357938,2016 - 12
Dec-16,VIETNAM,1339,NPC,63,3,21.0272519,105.8357938,2016 - 12
Dec-16,VIETNAM,1340,NPC,63,3,21.0272519,105.8357938,2016 - 12
Jan-17,VIETNAM,1341,SPC Song Doc,40,2,10.816722,106.6421873,2017 - 01
Jan-17,VIETNAM,1331,Nhon Trach,63,3,21.0272519,105.8357938,2017 - 01
Jan-17,VIETNAM,1337,NPC,40,2,21.0272519,105.8357938,2017 - 01
Jan-17,VIETNAM,1334,CAS/ CPC Tam Thang,40,2,21.0272519,105.8357938,2017 - 01
Jan-17,PHILIPPINES,1323,Mega Power Factory,12.5,1,12.879721,121.774017,2017 - 01
Jan-17,AUSTRALIA,1287,Meadow Springs,33,1,-25.274398,133.775136,2017 - 01
Jan-17,Taiwan,1325,CTCI USI CBC,23,1,23.69781,120.960515,2017 - 01
Jan-17,PHILIPPINES,1326,Aboitiz/Hedcor PP,33,1,12.879721,121.774017,2017 - 01
Feb-17,NEW ZEALAND,1333,Ok Tedi 15MVA 11kV/3.3kV,15,1,-40.900557,174.885971,2017 - 02
Feb-17,VIETNAM,1322,SPC DEP5,63,3,10.816722,106.6421873,2017 - 02
Feb-17,VIETNAM,1350,HNPC/ Dong Anh,63,3,21.0272519,105.8357938,2017 - 02
Feb-17,VIETNAM,1351,HNPC/ Dong Anh,63,3,21.0272519,105.8357938,2017 - 02
Feb-17,PHILIPPINES,1324,Shockblock,17,1,12.879721,121.774017,2017 - 02
Feb-17,PHILIPPINES,1342,Mindoro Windfarm,20,1,12.879721,121.774017,2017 - 02
Feb-17,VIETNAM,1343,NPC-Gia Luong,40,2,21.0272519,105.8357938,2017 - 02
Feb-17,VIETNAM,1344,NPC-Song Cong,40,2,21.0272519,105.8357938,2017 - 02
Feb-17,VIETNAM,1345,NPC-Luc Nam,40,2,21.0272519,105.8357938,2017 - 02
Feb-17,MALAYSIA,1285,Mengatal,30,1,4.210484,101.975766,2017 - 02
Feb-17,MALAYSIA,1286,Mengatal,30,1,4.210484,101.975766,2017 - 02
Mar-17,VIETNAM,1352,Khanh Hoa,40,2,10.816722,106.6421873,2017 - 03
Mar-17,MALAYSIA,1353,Sandakan,27.5,1,4.210484,101.975766,2017 - 03
Mar-17,MALAYSIA,1354,Sandakan,27.5,1,4.210484,101.975766,2017 - 03
Mar-17,VIETNAM,1346,NPC-Hoang Hoa,40,2,21.0272519,105.8357938,2017 - 03
Mar-17,VIETNAM,1347,NPC-Phu Luong,40,2,21.0272519,105.8357938,2017 - 03
Mar-17,AUSTRALIA,151,Essential Energy,30,1,-25.274398,133.775136,2017 - 03
Mar-17,PHILIPPINES,1328,Aboitiz/Hedcor PP,33,1,12.879721,121.774017,2017 - 03
Mar-17,VIETNAM,1367,SEE Da Nang - Lien Tri,63,3,10.816722,106.6421873,2017 - 03
Mar-17,VIETNAM,1368,SEE Da Nang - Hoa Khanh,63,3,10.816722,106.6421873,2017 - 03
Mar-17,VIETNAM,1356,Long Giang,63,3,21.0272519,105.8357938,2017 - 03
Apr-17,VIETNAM,1357,Ninh Binh,25,1,21.0272519,105.8357938,2017 - 04
Apr-17,VIETNAM,1358,Ninh Binh,25,1,21.0272519,105.8357938,2017 - 04
Apr-17,VIETNAM,1375,HNPC Thuong Dinh,63,3,21.0272519,105.8357938,2017 - 04
Apr-17,VIETNAM,1376,HNPC Thuong Dinh,63,3,21.0272519,105.8357938,2017 - 04
Apr-17,JAPAN,1355,PS ABB KK/Hidaka Solar ,17,1,36.204824,138.252924,2017 - 04
Apr-17,MALAYSIA,1359,Foster Wheeler/ Symthomer ,15,1,4.210484,101.975766,2017 - 04
Apr-17,VIETNAM,1304,Hoc Mon,63,3,10.816722,106.6421873,2017 - 04
Apr-17,VIETNAM,1305,Hoc Mon,63,3,10.816722,106.6421873,2017 - 04
Apr-17,MALAYSIA,1297,SESB/PPU Kent,30,1,4.210484,101.975766,2017 - 04
Apr-17,MALAYSIA,1298,SESB/PPU Kent,30,1,4.210484,101.975766,2017 - 04
May-17,AUSTRALIA,1360,Horizon Power Roy Hill,33,1,-25.274398,133.775136,2017 - 05
May-17,AUSTRALIA,1361,Horizon Power Roy Hill,33,1,-25.274398,133.775136,2017 - 05
May-17,AUSTRALIA,1101,Warratah,55,2,-25.274398,133.775136,2017 - 05
May-17,VIETNAM,1234,Short circuit,63,3,10.816722,106.6421873,2017 - 05
May-17,South Africa,1314,Msunduzi Municipality/Msunduzi E29 of 2015,40,2,-30.559482,22.937506,2017 - 05
May-17,South Africa,1315,Msunduzi Municipality/Msunduzi E29 of 2015,40,2,-30.559482,22.937506,2017 - 05
May-17,VIETNAM,1395,HNPC Mo Lao 2,63,3,21.0272519,105.8357938,2017 - 05
May-17,VIETNAM,1387,SPC Cement Kien Luong,30,1,10.816722,106.6421873,2017 - 05
May-17,PHILIPPINES,1327,Aboitiz/Hedcor PP,33,1,12.879721,121.774017,2017 - 05
May-17,VIETNAM,1389,SPC Phuoc Long,40,2,10.816722,106.6421873,2017 - 05
May-17,VIETNAM,1390,SPC Binh Duc,40,2,10.816722,106.6421873,2017 - 05
Jun-17,VIETNAM,1391,SPC Go Cong Tay,40,2,10.816722,106.6421873,2017 - 06
Jun-17,VIETNAM,1392,SPC Phuoc Hoa 1,40,2,10.816722,106.6421873,2017 - 06
Jun-17,VIETNAM,1393,SPC Phuoc Hoa 2,40,2,10.816722,106.6421873,2017 - 06
Jun-17,VIETNAM,1394,SPC Chau Doc,40,2,10.816722,106.6421873,2017 - 06
Jun-17,VIETNAM,1411,NPC Ph_ Cao,40,2,21.0272519,105.8357938,2017 - 06
Jun-17,VIETNAM,1409,NPC Quang Ch�u,40,2,21.0272519,105.8357938,2017 - 06
Jun-17,VIETNAM,1405,NPC N�ng C_ng,40,2,21.0272519,105.8357938,2017 - 06
Jun-17,VIETNAM,1406,NPC Y�n B�i,40,2,21.0272519,105.8357938,2017 - 06
Jun-17,VIETNAM,1407,NPC Tuy�n Quang,40,2,21.0272519,105.8357938,2017 - 06
Jun-17,PHILIPPINES,1399,ILECO,12.5,1,12.879721,121.774017,2017 - 06
Jun-17,PHILIPPINES,1400,ILECO,18.75,1,12.879721,121.774017,2017 - 06
Jul-17,VIETNAM,1410,NPC L� Nh�n,40,2,21.0272519,105.8357938,2017 - 07
Jul-17,South Africa,1403,B&W Gamsberg,45,2,-30.559482,22.937506,2017 - 07
Jul-17,JAPAN,1369,PS ABB KK/Yamaguchi Solar ,50,2,36.204824,138.252924,2017 - 07
Jul-17,VIETNAM,1408,NPC C_m Xuy�n,40,2,21.0272519,105.8357938,2017 - 07
Jul-17,VIETNAM,1382,PTC1,63,3,21.0272519,105.8357938,2017 - 07
Jul-17,VIETNAM,1383,PTC3,63,3,21.0272519,105.8357938,2017 - 07
Jul-17,MAURITIUS,1335,Zagtouli SS,50,2,-20.348404,57.552152,2017 - 07
Jul-17,MAURITIUS,1336,Zagtouli SS,40,2,-20.348404,57.552152,2017 - 07
Jul-17,BRUNEI,1388,BPMC Brunei,27,1,4.535277,114.727669,2017 - 07
Jul-17,KENYA,1349,CONCO/ESCOM,15,1,-0.023559,37.906193,2017 - 07
Aug-17,VIETNAM,1415,Nhon Trach,63,3,21.0272519,105.8357938,2017 - 08
Aug-17,NEW ZEALAND,1418,The Lines,15,1,-40.900557,174.885971,2017 - 08
Aug-17,VIETNAM,1426,SPC,40,2,10.816722,106.6421873,2017 - 08
Aug-17,VIETNAM,1427,SPC,40,2,10.816722,106.6421873,2017 - 08
Aug-17,VIETNAM,1428,SPC,40,2,10.816722,106.6421873,2017 - 08
Aug-17,MALAYSIA,1370,Samsung/ Package 11,25,1,4.210484,101.975766,2017 - 08
Aug-17,MALAYSIA,1371,Samsung/ Package 11,25,1,4.210484,101.975766,2017 - 08
Aug-17,MALAYSIA,1372,Samsung/ Package 11,25,1,4.210484,101.975766,2017 - 08
Aug-17,PHILIPPINES,1416,La Carlota,6.25,1,12.879721,121.774017,2017 - 08
Aug-17,PHILIPPINES,1417,La Carlota,12.5,1,12.879721,121.774017,2017 - 08
Aug-17,MALAYSIA,1373,Samsung/Rapid 6A,50,2,4.210484,101.975766,2017 - 08
Aug-17,MALAYSIA,1374,Samsung/Rapid 6A,50,2,4.210484,101.975766,2017 - 08
Aug-17,VIETNAM,1430,SPC Package 7 ,40,2,10.816722,106.6421873,2017 - 08
Aug-17,MALAYSIA,1362,PPU Lakut SS,30,1,4.210484,101.975766,2017 - 08
Sep-17,KENYA,1292,Conco,15,1,-0.023559,37.906193,2017 - 09
Sep-17,MALAYSIA,1363,PPU Lakut SS,30,1,4.210484,101.975766,2017 - 09
Sep-17,VIETNAM,1424,Thang Binh,40,2,21.0272519,105.8357938,2017 - 09
Sep-17,VIETNAM,1425,CPC Hoa Hiep,40,2,21.0272519,105.8357938,2017 - 09
Sep-17,AUSTRALIA,1102,Warratah,55,2,-25.274398,133.775136,2017 - 09
Sep-17,NEW ZEALAND,1419,The Lines,15,1,-40.900557,174.885971,2017 - 09
Sep-17,VIETNAM,1422,HNPC/ CV Thong nhat ,63,3,21.0272519,105.8357938,2017 - 09
Sep-17,VIETNAM,1423,HNPC/ CV Thong nhat ,63,3,21.0272519,105.8357938,2017 - 09
Sep-17,VIETNAM,1431,CAS/CPC  Krong Pa,25,1,10.816722,106.6421873,2017 - 09
Oct-17,South Africa,1404,B&W Gamsberg,45,2,-30.559482,22.937506,2017 - 10
Oct-17,VIETNAM,1432,CAS/CPC  Chu puh,40,2,10.816722,106.6421873,2017 - 10
Oct-17,PHILIPPINES,1436,Meterking repeat ,12.5,1,12.879721,121.774017,2017 - 10
Oct-17,PHILIPPINES,1434,Meterking repeat ,12.5,1,12.879721,121.774017,2017 - 10